1000	1	10	0.00177674	0.00202757	0.00177674	0.000951077	0.00245608	0
1000	2	10	0.0142245	0.0198474	0.0142245	0.00203804	0.0134929	0
1000	3	10	0.0273414	0.0359117	0.0273414	0.00305187	0.0146741	0
1000	4	10	0.0401764	0.0869374	0.0401764	0.00397165	0.0572963	0
1000	5	10	0.0419746	0.103964	0.0419746	0.0048392	0.0865516	0
1000	6	10	0.0426021	0.103955	0.0426021	0.00570676	0.0865421	0
1000	7	10	0.0550928	0.146256	0.0550928	0.00658479	0.122655	0
1000	8	10	0.0567343	0.301106	0.0567343	0.00777641	0.180686	0
1000	9	10	0.0583655	0.301099	0.0583655	0.00870674	0.259812	0
1000	10	10	0.0714211	0.34705	0.0714211	0.00979388	0.259804	0
1000	11	10	0.0731256	0.378589	0.0731256	0.0106929	0.303059	0
1000	12	10	0.0861399	0.454625	0.0861399	0.0116128	0.376889	0
1000	13	10	0.0880013	0.45462	0.0880013	0.0127628	0.376883	0
1000	14	10	0.100776	0.454614	0.100776	0.0139963	0.461659	0
1000	15	10	0.101456	0.520409	0.101456	0.0150836	0.517169	0
1000	16	10	0.114199	0.533157	0.114199	0.0164217	0.517164	0
1000	17	10	0.1271	0.592777	0.1271	0.0173731	0.60392	0
1000	18	10	0.14023	0.669385	0.14023	0.0183977	0.690667	0
1000	19	10	0.140221	0.669381	0.140221	0.0193805	0.777207	0
1000	20	10	0.140495	0.669378	0.140495	0.0203425	0.862871	0
1000	21	10	0.140642	0.735953	0.140642	0.0213985	0.86287	0
1000	22	10	0.14079	0.73595	0.14079	0.0224963	0.862868	0
1000	23	10	0.140928	0.735947	0.140928	0.0234165	0.862867	0
1000	24	10	0.141159	0.735945	0.141159	0.0243681	0.875055	0
1000	25	10	0.141485	0.735942	0.141485	0.025351	0.875054	0
1000	26	10	0.141653	0.735939	0.141653	0.0262921	0.875052	0
1000	27	10	0.142491	0.735936	0.142491	0.0275051	0.875051	0
1000	28	10	0.143036	0.802214	0.143036	0.0297217	0.87505	0
1000	29	10	0.143184	0.802212	0.143184	0.0308302	0.963462	0
1000	30	10	0.143416	0.80221	0.143416	0.0327437	0.963461	0
1000	31	10	0.143668	0.802208	0.143668	0.0336745	0.963461	0
1000	32	10	0.143816	0.870622	0.143816	0.0346367	0.963461	0
1000	33	10	0.144016	0.961578	0.144016	0.0397913	0.96346	0
1000	34	10	0.144216	0.961578	0.144216	0.0434824	0.96346	0
1000	35	10	0.146507	0.961577	0.144385	0.0444656	0.963459	0
1000	36	10	0.146697	0.961577	0.144575	0.045407	0.963459	0
1000	37	10	0.146876	0.961577	0.144754	0.0464426	0.963459	1.04553e-05
1000	38	10	0.147181	0.961576	0.145059	0.0464326	0.963458	1.04554e-05
1000	39	10	0.147455	0.961576	0.145332	0.0475623	0.963458	2.09111e-05
1000	40	10	0.160944	0.961575	0.145501	0.048692	0.963457	2.09113e-05
1000	41	10	0.160935	0.961575	0.145492	0.0503863	0.963457	2.09115e-05
1000	42	10	0.161177	0.961575	0.145734	0.0527499	0.963457	2.09118e-05
1000	43	10	0.161587	0.961574	0.145955	0.053817	0.963456	3.1368e-05
1000	44	10	0.162268	0.961574	0.146166	0.0547377	0.963456	5.22805e-05
1000	45	10	0.162416	0.961573	0.146314	0.0547278	0.963456	5.2281e-05
1000	46	10	0.162554	0.961573	0.146451	0.0558472	0.963455	6.27379e-05
1000	47	10	0.162723	0.961573	0.14662	0.0568097	0.963455	7.3195e-05
1000	48	10	0.16286	0.961572	0.146757	0.0576155	0.963454	8.36523e-05
1000	49	10	0.162852	0.961572	0.146749	0.0625516	0.963454	8.36531e-05
1000	50	10	0.163104	0.961571	0.147001	0.063713	0.963454	0.000104568
1000	51	10	0.163096	0.961571	0.146992	0.0646966	0.963453	0.000115025
1000	52	10	0.163087	0.961571	0.147234	0.0666318	0.963453	0.000156855
1000	53	10	0.163078	0.96157	0.147225	0.0709513	0.963453	0.000167313
1000	54	10	0.16332	0.96157	0.147467	0.0720291	0.963452	0.000209144
1000	55	10	0.163312	0.961569	0.147458	0.073107	0.963452	0.000219603
1000	56	10	0.163303	0.961569	0.147449	0.0792358	0.963451	0.000292807
1000	57	10	0.163535	0.961569	0.147681	0.0801464	0.963451	0.000355556
1000	58	10	0.163526	0.961568	0.147672	0.0801368	0.963451	0.000386932
1000	59	10	0.163517	0.961568	0.147663	0.0827207	0.96345	0.000418309
1000	60	10	0.163508	0.961567	0.147654	0.0838928	0.96345	0.000460145
1000	61	10	0.1635	0.961567	0.147645	0.08792	0.963449	0.000554272
1000	62	10	0.1637	0.961567	0.147846	0.0930454	0.963449	0.000606568
1000	63	10	0.163691	0.961566	0.147837	0.095891	0.968249	0.000690239
1000	64	10	0.163902	0.961566	0.148047	0.0992282	0.968249	0.000826204
1000	65	10	0.164103	0.961565	0.148248	0.100035	0.968248	0.000920338
1000	66	10	0.164303	0.961565	0.148448	0.100025	0.968248	0.00101447
1000	67	10	0.164294	0.961565	0.148439	0.105109	0.968248	0.00106678
1000	68	10	0.164286	0.961564	0.14843	0.112755	0.968247	0.00129688
1000	69	10	0.164277	0.961564	0.148421	0.115947	0.968247	0.00149561
1000	70	10	0.164383	0.961563	0.148527	0.115937	0.968247	0.00158976
1000	71	10	0.164594	0.961563	0.148738	0.122078	0.968246	0.0017362
1000	72	10	0.164585	0.961563	0.148729	0.123272	0.968246	0.00183035
1000	73	10	0.164775	0.961562	0.148919	0.123262	0.968246	0.00190359
1000	74	10	0.164767	0.961562	0.14891	0.129769	0.968245	0.00199774
1000	75	10	0.164758	0.961561	0.148901	0.13271	0.968245	0.00229063
1000	76	10	0.164749	0.961561	0.148892	0.134667	0.968245	0.00252076
1000	77	10	0.16496	0.961561	0.149103	0.137106	0.968244	0.00271952
1000	78	10	0.164951	0.96156	0.149094	0.145193	0.968244	0.00277185
1000	79	10	0.165622	0.96156	0.149765	0.148248	0.968244	0.00292878
1000	80	10	0.168302	0.961559	0.150373	0.155562	0.968243	0.00315893
1000	81	10	0.170239	0.961559	0.150616	0.156808	0.968243	0.00342047
1000	82	10	0.170826	0.961559	0.151203	0.158724	0.968243	0.00370293
1000	83	10	0.170818	0.961558	0.151194	0.158715	0.968242	0.00412138
1000	84	10	0.170809	0.961558	0.151185	0.158706	0.968242	0.00438294
1000	85	10	0.17102	0.961557	0.151396	0.165748	0.968242	0.00456081
1000	86	10	0.184171	0.961557	0.151638	0.176231	0.988263	0.00525127
1000	87	10	0.184162	0.961557	0.151629	0.177122	0.988263	0.0057116
1000	88	10	0.184154	0.961556	0.15162	0.180869	0.988263	0.00600456
1000	89	10	0.184145	0.961556	0.151612	0.18199	0.988263	0.00640214
1000	90	10	0.184137	0.961555	0.151603	0.185162	0.989947	0.0065382
1000	91	10	0.184348	0.961555	0.153508	0.204873	0.989947	0.00697764
1000	92	10	0.18503	0.961555	0.15419	0.20589	0.989947	0.00709279
1000	93	10	0.186444	0.961554	0.154756	0.20993	0.989947	0.00738579
1000	94	10	0.186436	0.961554	0.154747	0.212035	0.989946	0.00780433
1000	95	10	0.186668	0.961553	0.154979	0.212801	0.989946	0.00863088
1000	96	10	0.186868	0.961553	0.15518	0.214665	0.989946	0.0090076
1000	97	10	0.187048	0.961553	0.155359	0.216509	0.989946	0.00964586
1000	98	10	0.18704	0.961552	0.15535	0.216501	0.989946	0.00982382
1000	99	10	0.187031	0.961552	0.155341	0.216492	0.989946	0.0100959
1000	100	10	0.187023	0.961551	0.155333	0.216484	0.989946	0.0110376
1000	101	10	0.187014	0.961551	0.155324	0.216476	0.989946	0.0119166
1000	102	10	0.187006	0.961551	0.155315	0.221626	0.989946	0.0124085
1000	103	10	0.186997	0.96155	0.155306	0.222685	0.989945	0.0130573
1000	104	10	0.186989	0.96155	0.155486	0.227647	0.989945	0.014156
1000	105	10	0.18698	0.961549	0.155477	0.227638	0.989945	0.0146897
1000	106	10	0.187641	0.961549	0.156138	0.2317	0.989945	0.0151712
1000	107	10	0.187633	0.961549	0.156129	0.232676	0.989945	0.0161653
1000	108	10	0.187624	0.961548	0.15612	0.235503	0.989945	0.0168247
1000	109	10	0.187616	0.961548	0.156111	0.238258	0.989945	0.0176305
1000	110	10	0.187607	0.961547	0.156102	0.240562	0.989945	0.0183317
1000	111	10	0.187818	0.961547	0.156313	0.244279	0.989945	0.0191481
1000	112	10	0.188511	0.961547	0.156482	0.245516	0.989945	0.0197656
1000	113	10	0.191087	0.961546	0.156766	0.246492	0.989944	0.0203518
1000	114	10	0.191319	0.961546	0.156998	0.2473	0.989944	0.0211682
1000	115	10	0.191311	0.961545	0.156989	0.248297	0.989944	0.021566
1000	116	10	0.191302	0.961545	0.156981	0.255174	0.989944	0.0221627
1000	117	10	0.191294	0.961544	0.156972	0.257092	0.989944	0.0231989
1000	118	10	0.191285	0.961544	0.156963	0.258141	0.989944	0.0249152
1000	119	10	0.191277	0.961544	0.156954	0.268252	0.989944	0.0273537
1000	120	10	0.191268	0.961543	0.156945	0.269186	0.989944	0.0290073
1000	121	10	0.19126	0.961543	0.156936	0.271282	0.989944	0.0301901
1000	122	10	0.205693	0.961542	0.157723	0.275272	0.989943	0.0324822
1000	123	10	0.20648	0.961542	0.158509	0.278278	0.989943	0.0338639
1000	124	10	0.207099	0.961542	0.159128	0.278271	0.989943	0.0349107
1000	125	10	0.207834	0.961541	0.159863	0.279341	0.989943	0.0369518
1000	126	10	0.222016	0.961541	0.160691	0.282996	0.989943	0.0381452
1000	127	10	0.222008	0.96154	0.161206	0.282989	0.989943	0.0403851
1000	128	10	0.222712	0.96154	0.161908	0.282981	0.989943	0.0414844
1000	129	10	0.222704	0.96154	0.1619	0.28671	0.989943	0.0427093
1000	130	10	0.223459	0.961539	0.162655	0.295609	0.989943	0.0440284
1000	131	10	0.224111	0.961539	0.163525	0.297475	0.989943	0.0462894
1000	132	10	0.224103	0.961538	0.163516	0.299372	0.989942	0.0489587
1000	133	10	0.224094	0.961538	0.163508	0.304346	0.989942	0.0503407
1000	134	10	0.224746	0.961538	0.164158	0.30548	0.989942	0.0528426
1000	135	10	0.224738	0.961537	0.16415	0.306666	0.989942	0.0561922
1000	136	10	0.224729	0.961537	0.164936	0.30983	0.989942	0.0567894
1000	137	10	0.224721	0.961536	0.164928	0.313821	0.989942	0.0590612
1000	138	10	0.225352	0.961536	0.165557	0.316639	0.989942	0.0598572
1000	139	10	0.225344	0.961536	0.165548	0.318631	0.989942	0.062328
1000	140	10	0.225995	0.961535	0.166199	0.318624	0.989942	0.0657407
1000	141	10	0.225987	0.961535	0.16619	0.318617	0.989941	0.0684732
1000	142	10	0.226931	0.961534	0.16682	0.319772	0.989941	0.0703161
1000	143	10	0.226923	0.961534	0.167659	0.320832	0.989941	0.0720857
1000	144	10	0.227553	0.961534	0.168289	0.320825	0.989941	0.074159
1000	145	10	0.228152	0.961533	0.168887	0.320818	0.989941	0.0749448
1000	146	10	0.228888	0.961533	0.169622	0.320811	0.989941	0.0768087
1000	147	10	0.247679	0.961532	0.170137	0.331093	0.989941	0.0786937
1000	148	10	0.248341	0.961532	0.170798	0.331086	0.989941	0.0809241
1000	149	10	0.261815	0.961532	0.17147	0.334356	0.989941	0.0832906
1000	150	10	0.261808	0.961531	0.171461	0.334349	0.989941	0.0853327
1000	151	10	0.2618	0.961531	0.171452	0.335179	0.98994	0.0883902
1000	152	10	0.261792	0.96153	0.171444	0.33714	0.98994	0.0907359
1000	153	10	0.275351	0.96153	0.172283	0.337133	0.98994	0.093155
1000	154	10	0.276066	0.96153	0.172996	0.340309	0.98994	0.0943388
1000	155	10	0.276058	0.961529	0.172988	0.346237	0.98994	0.100453
1000	156	10	0.27605	0.961529	0.172979	0.356301	0.98994	0.103092
1000	157	10	0.278461	0.961528	0.17363	0.357289	0.98994	0.106716
1000	158	10	0.279165	0.961528	0.174333	0.357282	0.98994	0.112045
1000	159	10	0.279828	0.961528	0.174995	0.3614	0.98994	0.117877
1000	160	10	0.27982	0.961527	0.174986	0.365089	0.989939	0.120705
1000	161	10	0.279813	0.961527	0.174977	0.36594	0.989939	0.1219
1000	162	10	0.281815	0.961526	0.176811	0.368876	0.989939	0.128099
1000	163	10	0.282425	0.961526	0.17742	0.370869	0.989939	0.131042
1000	164	10	0.282784	0.961526	0.177631	0.371888	0.989939	0.135974
1000	165	10	0.283416	0.961525	0.178261	0.371881	0.989939	0.137777
1000	166	10	0.283408	0.961525	0.178253	0.379308	0.989939	0.139516
1000	167	10	0.284154	0.961524	0.178998	0.379302	0.989939	0.141056
1000	168	10	0.284147	0.961524	0.178989	0.379295	0.989939	0.144953
1000	169	10	0.285019	0.961524	0.17986	0.380357	0.989939	0.148524
1000	170	10	0.285011	0.961523	0.179852	0.38035	0.989938	0.153991
1000	171	10	0.285642	0.961523	0.180628	0.380344	0.989938	0.159416
1000	172	10	0.285635	0.961522	0.18062	0.3833	0.989938	0.163376
1000	173	10	0.285628	0.961522	0.180611	0.383294	0.989938	0.171209
1000	174	10	0.303263	0.961522	0.181388	0.385486	0.989938	0.1712
1000	175	10	0.303255	0.961521	0.181379	0.38548	0.989938	0.171192
1000	176	10	0.303248	0.961521	0.181371	0.386531	0.989938	0.173204
1000	177	10	0.303241	0.96152	0.181362	0.398723	0.989938	0.17709
1000	178	10	0.303233	0.96152	0.18306	0.400685	0.989938	0.177082
1000	179	10	0.329581	0.96152	0.19636	0.408783	0.989937	0.18124
1000	180	10	0.329574	0.961519	0.196352	0.423436	0.989937	0.190174
1000	181	10	0.345996	0.961519	0.198103	0.42343	0.989937	0.199485
1000	182	10	0.359016	0.961518	0.21112	0.430702	0.996555	0.20666
1000	183	10	0.373334	0.961518	0.223583	0.430696	0.996555	0.206651
1000	184	10	0.386123	0.961518	0.236371	0.43069	0.996555	0.206643
1000	185	10	0.399321	0.961517	0.249568	0.430684	0.996555	0.211441
1000	186	10	0.401211	0.961517	0.251456	0.434416	0.996555	0.213841
1000	187	10	0.402984	0.961516	0.253228	0.438327	0.996555	0.216064
1000	188	10	0.402978	0.961516	0.255074	0.444311	0.996555	0.216055
1000	189	10	0.404658	0.963201	0.256752	0.454285	0.996555	0.216047
1000	190	10	0.423219	0.963201	0.258503	0.454279	0.996555	0.221118
1000	191	10	0.437025	0.963201	0.272308	0.454273	0.996555	0.22111
1000	192	10	0.46496	0.9632	0.284888	0.454267	0.996555	0.223793
1000	193	10	0.47949	0.9632	0.297626	0.454262	0.996555	0.234069
1000	194	10	0.479484	0.9632	0.310542	0.454256	0.996555	0.241779
1000	195	10	0.479479	0.963199	0.323342	0.45425	0.996555	0.247248
1000	196	10	0.479473	0.963199	0.335903	0.458057	0.996554	0.24724
1000	197	10	0.491941	0.963198	0.348369	0.478892	0.996554	0.247233
1000	198	10	0.491936	0.963198	0.361212	0.47984	0.996554	0.255415
1000	199	10	0.491931	0.963198	0.361206	0.491658	0.996554	0.258234
1000	200	10	0.491925	0.963197	0.361199	0.491653	0.996554	0.269768
1000	201	10	0.49192	0.963197	0.361192	0.491648	0.996554	0.276065
1000	202	10	0.504849	0.963196	0.37412	0.493863	0.996554	0.285788
1000	203	10	0.518124	0.963196	0.387268	0.494978	0.996554	0.292546
1000	204	10	0.530593	0.963196	0.399736	0.494973	0.996554	0.298781
1000	205	10	0.543848	0.963195	0.41299	0.494967	0.996554	0.302261
1000	206	10	0.543843	0.963195	0.412983	0.497015	0.996554	0.308999
1000	207	10	0.543839	0.963195	0.412977	0.504048	0.996554	0.312249
1000	208	10	0.543834	0.963194	0.412971	0.504043	0.996554	0.316065
1000	209	10	0.543829	0.963194	0.412965	0.504038	0.996554	0.319797
1000	210	10	0.557116	0.963193	0.428167	0.504033	0.996554	0.31979
1000	211	10	0.557112	0.963193	0.441087	0.504027	0.996554	0.323271
1000	212	10	0.557107	0.963193	0.441081	0.506808	0.996554	0.323264
1000	213	10	0.570384	0.963192	0.454514	0.506803	0.996554	0.327153
1000	214	10	0.57038	0.963192	0.469299	0.506798	0.996554	0.327146
1000	215	10	0.570375	0.963191	0.469293	0.512994	0.996554	0.330868
1000	216	10	0.570371	0.963191	0.469287	0.520259	0.996554	0.33833
1000	217	10	0.570366	0.963191	0.469282	0.520253	0.996554	0.338323
1000	218	10	0.570362	0.96319	0.469276	0.526209	0.996554	0.342108
1000	219	10	0.584038	0.96319	0.482386	0.527335	0.996554	0.349717
1000	220	10	0.597159	0.96319	0.495506	0.52733	0.996554	0.35368
1000	221	10	0.610658	0.963189	0.509004	0.529567	0.996554	0.365531
1000	222	10	0.610654	0.963189	0.508999	0.529562	0.996554	0.365525
1000	223	10	0.61065	0.963188	0.508993	0.529557	0.996553	0.369195
1000	224	10	0.610646	0.963188	0.508988	0.548252	0.996553	0.373484
1000	225	10	0.610641	0.963188	0.508983	0.548247	0.996553	0.373477
1000	226	10	0.610637	0.963187	0.508978	0.553491	0.996553	0.377242
1000	227	10	0.623404	0.963187	0.521743	0.553486	0.996553	0.377235
1000	228	10	0.6234	0.963186	0.521738	0.554665	0.996553	0.377229
1000	229	10	0.636083	0.963186	0.53442	0.55466	0.996553	0.381182
1000	230	10	0.64908	0.963186	0.549313	0.563477	0.996553	0.385126
1000	231	10	0.665137	0.963185	0.561723	0.567474	0.996553	0.389467
1000	232	10	0.679665	0.963185	0.576291	0.56747	0.996553	0.38946
1000	233	10	0.679661	0.963185	0.576287	0.567465	0.996553	0.393812
1000	234	10	0.679658	0.963184	0.576282	0.569514	0.996553	0.393806
1000	235	10	0.679655	0.963184	0.576278	0.56951	0.996553	0.3938
1000	236	10	0.679651	0.963183	0.576273	0.569505	0.996553	0.393793
1000	237	10	0.679648	0.963183	0.576269	0.569501	0.996553	0.393787
1000	238	10	0.679645	0.963183	0.576265	0.569496	0.996553	0.40321
1000	239	10	0.679641	0.963182	0.57626	0.569492	0.996553	0.411691
1000	240	10	0.679638	0.963182	0.576256	0.575826	0.996553	0.411685
1000	241	10	0.680284	0.963181	0.576901	0.577928	0.996553	0.416079
1000	242	10	0.680281	0.963181	0.576896	0.578919	0.996553	0.416073
1000	243	10	0.692893	0.963181	0.616341	0.587957	1	0.420394
1000	244	10	0.706123	0.96318	0.629571	0.587952	1	0.425072
1000	245	10	0.706969	0.96318	0.63183	0.587948	1	0.425066
1000	246	10	0.708758	0.96318	0.633618	0.59421	1	0.42506
1000	247	10	0.708755	0.963179	0.633615	0.594205	1	0.425054
1000	248	10	0.722195	0.963179	0.648857	0.594201	1	0.425048
1000	249	10	0.73528	0.963178	0.661941	0.594197	1	0.425042
1000	250	10	0.735277	0.963178	0.662084	0.594193	1	0.430013
1000	251	10	0.735275	0.963178	0.66383	0.594188	1	0.434943
1000	252	10	0.735272	0.963177	0.676852	0.598177	1	0.43938
1000	253	10	0.735269	0.963177	0.676849	0.598172	1	0.439374
1000	254	10	0.735266	0.963176	0.676845	0.598168	1	0.44423
1000	255	10	0.748174	0.963176	0.689752	0.598164	1	0.449045
1000	256	10	0.761396	0.963176	0.689749	0.601272	1	0.454457
1000	257	10	0.761394	0.968342	0.693277	0.601268	1	0.464082
1000	258	10	0.77578	0.968341	0.705881	0.60773	1	0.464076
1000	259	10	0.775777	0.968341	0.718936	0.607726	1	0.464071
1000	260	10	0.775775	0.968341	0.718933	0.607721	1	0.464065
1000	261	10	0.775773	0.96834	0.71893	0.609761	1	0.464059
1000	262	10	0.77577	0.96834	0.721756	0.609757	1	0.464054
1000	263	10	0.775768	0.96834	0.721754	0.610822	1	0.473679
1000	264	10	0.78874	0.968339	0.736528	0.610818	1	0.478872
1000	265	10	0.788738	0.968339	0.736525	0.614691	1	0.484117
1000	266	10	0.788736	0.968339	0.762964	0.614687	1	0.489289
1000	267	10	0.788733	0.968338	0.762962	0.621066	1	0.489284
1000	268	10	0.788731	0.968338	0.762959	0.62298	1	0.489278
1000	269	10	0.788729	0.968338	0.776519	0.622976	1	0.489273
1000	270	10	0.788727	0.968337	0.776517	0.622972	1	0.494162
1000	271	10	0.788725	0.968337	0.789836	0.622968	1	0.494157
1000	272	10	0.788722	0.968337	0.789833	0.622964	1	0.494152
1000	273	10	0.78872	0.968336	0.789831	0.623861	1	0.494146
1000	274	10	0.788718	0.968336	0.789829	0.623858	1	0.49913
1000	275	10	0.788716	0.968336	0.789827	0.623854	1	0.499125
1000	276	10	0.788713	0.968335	0.789825	0.62385	1	0.49912
1000	277	10	0.792443	0.968335	0.791877	0.623846	1	0.50446
1000	278	10	0.792441	0.968335	0.791875	0.623842	1	0.510199
1000	279	10	0.792438	0.968334	0.791872	0.624802	1	0.526178
1000	280	10	0.792436	0.968334	0.79187	0.630689	1	0.526173
1000	281	10	0.792434	0.968334	0.791868	0.630685	1	0.526168
1000	282	10	0.792432	0.968333	0.791866	0.630681	1	0.531551
1000	283	10	0.79243	0.968333	0.791864	0.633675	1	0.531546
1000	284	10	0.792428	0.968333	0.791861	0.633672	1	0.531542
1000	285	10	0.807111	0.968332	0.79383	0.633668	1	0.536904
1000	286	10	0.807109	0.968332	0.793828	0.633664	1	0.536899
1000	287	10	0.807107	0.968332	0.793826	0.634541	1	0.536894
1000	288	10	0.823783	0.99478	0.806875	0.634537	1	0.543084
1000	289	10	0.823782	0.994779	0.808665	0.634533	1	0.54308
1000	290	10	0.826076	0.994779	0.811735	0.634529	1	0.548725
1000	291	10	0.827908	0.994779	0.811733	0.634525	1	0.548721
1000	292	10	0.827906	0.994779	0.811731	0.634521	1	0.548716
1000	293	10	0.829509	0.994779	0.81523	0.636667	1	0.548711
1000	294	10	0.831436	0.994779	0.817157	0.636663	1	0.548706
1000	295	10	0.846583	0.994779	0.819284	0.640915	1	0.548702
1000	296	10	0.846581	0.994779	0.819282	0.646804	1	0.548697
1000	297	10	0.84658	0.994779	0.81928	0.6468	1	0.548692
1000	298	10	0.846578	0.994779	0.819278	0.646796	1	0.548687
1000	299	10	0.859356	0.994779	0.857994	0.650598	1	0.548683
1000	300	10	0.859355	0.994779	0.857992	0.650594	1	0.548678
1000	301	10	0.859354	0.994779	0.857991	0.650591	1	0.548673
1000	302	10	0.859352	0.994779	0.857989	0.650587	1	0.554026
1000	303	10	0.859351	0.994779	0.857988	0.650583	1	0.554021
1000	304	10	0.859349	0.994779	0.857986	0.652666	1	0.565885
1000	305	10	0.859348	0.994779	0.857985	0.656552	1	0.572088
1000	306	10	0.859346	0.994779	0.863393	0.656549	1	0.572083
1000	307	10	0.859345	0.994779	0.863392	0.656545	1	0.572079
1000	308	10	0.859343	0.994778	0.86339	0.656542	1	0.572074
1000	309	10	0.872784	0.994778	0.87746	0.659799	1	0.57207
1000	310	10	0.872782	0.994778	0.877459	0.659795	1	0.572065
1000	311	10	0.872781	0.994778	0.877458	0.664038	1	0.572061
1000	312	10	0.87278	0.994778	0.877456	0.664035	1	0.578274
1000	313	10	0.872778	0.994778	0.877455	0.664031	1	0.57827
1000	314	10	0.872777	0.994778	0.877454	0.664028	1	0.578265
1000	315	10	0.872776	0.994778	0.877452	0.66522	1	0.584426
1000	316	10	0.872774	0.994778	0.877451	0.665216	1	0.584422
1000	317	10	0.872773	0.994778	0.87745	0.665213	1	0.584418
1000	318	10	0.872772	0.994778	0.877449	0.665209	1	0.584413
1000	319	10	0.87277	0.994778	0.877447	0.665206	1	0.584409
1000	320	10	0.872769	0.994778	0.877446	0.665202	1	0.59098
1000	321	10	0.872768	0.994778	0.877445	0.665199	1	0.597257
1000	322	10	0.874633	1	0.87931	0.665195	1	0.597253
1000	323	10	0.887908	1	0.892585	0.665192	1	0.597248
1000	324	10	0.887907	1	0.892584	0.666174	1	0.597244
1000	325	10	0.887905	1	0.892583	0.667135	1	0.59724
1000	326	10	0.887904	1	0.892581	0.671043	1	0.610649
1000	327	10	0.887903	1	0.89258	0.671931	1	0.610644
1000	328	10	0.887902	1	0.892579	0.673836	1	0.61064
1000	329	10	0.887901	1	0.892578	0.673833	1	0.624039
1000	330	10	0.8879	1	0.892577	0.67491	1	0.624035
1000	331	10	0.887898	1	0.892576	0.675997	1	0.624031
1000	332	10	0.887897	1	0.892575	0.675994	1	0.624027
1000	333	10	0.887896	1	0.892574	0.67599	1	0.624023
1000	334	10	0.887895	1	0.892572	0.675987	1	0.624019
1000	335	10	0.907338	1	0.894984	0.675984	1	0.630822
1000	336	10	0.907337	1	0.894982	0.677837	1	0.630818
1000	337	10	0.907337	1	0.894981	0.677833	1	0.630814
1000	338	10	0.907336	1	0.89498	0.678637	1	0.637712
1000	339	10	0.907335	1	0.894979	0.679798	1	0.637708
1000	340	10	0.907334	1	0.894978	0.679795	1	0.644281
1000	341	10	0.919982	1	0.90943	0.679791	1	0.650769
1000	342	10	0.919981	1	0.909429	0.679788	1	0.650766
1000	343	10	0.91998	1	0.909428	0.686686	1	0.650762
1000	344	10	0.923462	1	0.9142	0.686683	1	0.650758
1000	345	10	0.923461	1	0.914199	0.688736	1	0.650755
1000	346	10	0.92346	1	0.914198	0.688732	1	0.657464
1000	347	10	0.923459	1	0.914197	0.688729	1	0.657461
1000	348	10	0.923459	1	0.914196	0.690792	1	0.657457
1000	349	10	0.923458	1	0.914196	0.690789	1	0.657453
1000	350	10	0.92544	1	0.916334	0.690786	1	0.671244
1000	351	10	0.925439	1	0.916334	0.691674	1	0.67124
1000	352	10	0.925438	1	0.917812	0.691671	1	0.671237
1000	353	10	0.925437	1	0.917811	0.691668	1	0.671233
1000	354	10	0.925436	1	0.91781	0.698305	1	0.67123
1000	355	10	0.925436	1	0.917809	0.701375	1	0.677972
1000	356	10	0.941842	1	0.919843	0.701372	1	0.677968
1000	357	10	0.941841	1	0.919843	0.70247	1	0.677965
1000	358	10	0.94184	1	0.919842	0.702467	1	0.677961
1000	359	10	0.94184	1	0.919841	0.702464	1	0.677958
1000	360	10	0.941839	1	0.91984	0.704433	1	0.677955
1000	361	10	0.943643	1	0.919839	0.70443	1	0.685033
1000	362	10	0.943642	1	0.919838	0.704427	1	0.685029
1000	363	10	0.943642	1	0.919838	0.707446	1	0.69921
1000	364	10	0.943641	1	0.919837	0.713853	1	0.713034
1000	365	10	0.943641	1	0.919836	0.71385	1	0.713031
1000	366	10	0.94364	1	0.922888	0.713847	1	0.720666
1000	367	10	0.94364	1	0.922887	0.713844	1	0.720663
1000	368	10	0.943639	1	0.922886	0.720985	1	0.728382
1000	369	10	0.943638	1	0.922886	0.720982	1	0.728379
1000	370	10	0.943638	1	0.922885	0.72098	1	0.736193
1000	371	10	0.946071	1	0.924668	0.725866	1	0.73619
1000	372	10	0.946071	1	0.924667	0.725863	1	0.736187
1000	373	10	0.94607	1	0.924666	0.72586	1	0.736184
1000	374	10	0.94607	1	0.924665	0.725857	1	0.736182
1000	375	10	0.946069	1	0.924665	0.728897	1	0.736179
1000	376	10	0.946068	1	0.924664	0.728894	1	0.736176
1000	377	10	0.946068	1	0.924663	0.728891	1	0.752531
1000	378	10	0.94889	1	0.924662	0.738238	1	0.752529
1000	379	10	0.948889	1	0.924661	0.740323	1	0.760385
1000	380	10	0.948889	1	0.924661	0.74032	1	0.760383
1000	381	10	0.948888	1	0.92466	0.740318	1	0.76038
1000	382	10	0.948888	1	0.924659	0.740315	1	0.760378
1000	383	10	0.961993	1	0.924658	0.740312	1	0.775748
1000	384	10	0.961993	1	0.924657	0.740309	1	0.775746
1000	385	10	0.961993	1	0.924657	0.740307	1	0.784107
1000	386	10	0.961992	1	0.924656	0.742298	1	0.784104
1000	387	10	0.961992	1	0.924655	0.742295	1	0.784102
1000	388	10	0.961991	1	0.924654	0.742292	1	0.7841
1000	389	10	0.961991	1	0.924653	0.74229	1	0.784097
1000	390	10	0.961991	1	0.924653	0.742287	1	0.784095
1000	391	10	0.96199	1	0.924652	0.742284	1	0.791617
1000	392	10	0.96199	1	0.924651	0.742281	1	0.800063
1000	393	10	0.961989	1	0.926623	0.742279	1	0.800061
1000	394	10	0.961989	1	0.926622	0.742276	1	0.800059
1000	395	10	0.961989	1	0.926622	0.746461	1	0.808799
1000	396	10	0.961988	1	0.926621	0.746458	1	0.808797
1000	397	10	0.961988	1	0.92662	0.746455	1	0.817023
1000	398	10	0.961987	1	0.926619	0.746453	1	0.817021
1000	399	10	0.961987	1	0.926619	0.758519	1	0.817019
1000	400	10	0.961987	1	0.926618	0.758517	1	0.817017
1000	401	10	0.961986	1	0.926617	0.758514	1	0.817015
1000	402	10	0.961986	1	0.928296	0.758512	1	0.817013
1000	403	10	0.961985	1	0.928295	0.766087	1	0.817011
1000	404	10	0.961985	1	0.928294	0.766085	1	0.817009
1000	405	10	0.961985	1	0.940878	0.766082	1	0.817007
1000	406	10	0.961984	1	0.940877	0.76608	1	0.817005
1000	407	10	0.961984	1	0.940876	0.766077	1	0.817003
1000	408	10	0.961983	1	0.940876	0.766075	1	0.817001
1000	409	10	0.961983	1	0.940875	0.766072	1	0.817
1000	410	10	0.961983	1	0.940875	0.76607	1	0.816998
1000	411	10	0.961982	1	0.940874	0.766067	1	0.816996
1000	412	10	0.961982	1	0.940873	0.766065	1	0.816994
1000	413	10	0.961981	1	0.940873	0.766062	1	0.816992
1000	414	10	0.961981	1	0.940872	0.768065	1	0.81699
1000	415	10	0.961981	1	0.940871	0.768062	1	0.816988
1000	416	10	0.96198	1	0.940871	0.771041	1	0.816986
1000	417	10	0.96198	1	0.94087	0.771039	1	0.816984
1000	418	10	0.961979	1	0.94087	0.771036	1	0.816982
1000	419	10	0.961979	1	0.940869	0.771034	1	0.81698
1000	420	10	0.961979	1	0.940868	0.771031	1	0.816978
1000	421	10	0.961978	1	0.940868	0.771029	1	0.816977
1000	422	10	0.961978	1	0.940867	0.771027	1	0.816975
1000	423	10	0.961977	1	0.940866	0.771024	1	0.825224
1000	424	10	0.961977	1	0.940866	0.771022	1	0.825222
1000	425	10	0.961977	1	0.940865	0.771019	1	0.82522
1000	426	10	0.961976	1	0.940865	0.775122	1	0.825218
1000	427	10	0.961976	1	0.940864	0.775119	1	0.825217
1000	428	10	0.963676	1	0.942564	0.775117	1	0.825215
1000	429	10	0.963676	1	0.942563	0.775115	1	0.825213
1000	430	10	0.963675	1	0.942563	0.777926	1	0.825211
1000	431	10	0.963675	1	0.942562	0.777924	1	0.825209
1000	432	10	0.963675	1	0.942562	0.781155	1	0.825207
1000	433	10	0.963674	1	0.942561	0.781153	1	0.825206
1000	434	10	0.963674	1	0.94256	0.78115	1	0.825204
1000	435	10	0.963673	1	0.94256	0.781148	1	0.825202
1000	436	10	0.963673	1	0.942559	0.781146	1	0.8252
1000	437	10	0.963673	1	0.942559	0.781143	1	0.825198
1000	438	10	0.963672	1	0.942558	0.781141	1	0.833911
1000	439	10	0.963672	1	0.942557	0.781139	1	0.833909
1000	440	10	0.963671	1	0.942557	0.781136	1	0.833907
1000	441	10	0.963671	1	0.942556	0.781134	1	0.842578
1000	442	10	0.963671	1	0.942556	0.781132	1	0.851123
1000	443	10	0.96367	1	0.942555	0.782274	1	0.851122
1000	444	10	0.96367	1	0.942554	0.786398	1	0.85112
1000	445	10	0.96367	1	0.942554	0.786396	1	0.859498
1000	446	10	0.963669	1	0.942553	0.79157	1	0.868422
1000	447	10	0.963669	1	0.942553	0.798246	1	0.86842
1000	448	10	0.963668	1	0.942552	0.798244	1	0.868419
1000	449	10	0.963668	1	0.942551	0.798242	1	0.868417
1000	450	10	0.963668	1	0.942551	0.79824	1	0.868416
1000	451	10	0.963667	1	0.94255	0.800191	1	0.868415
1000	452	10	0.963667	1	0.94255	0.800189	1	0.868413
1000	453	10	0.963667	1	0.942549	0.800187	1	0.877684
1000	454	10	0.963666	1	0.942548	0.800185	1	0.877683
1000	455	10	0.963666	1	0.942548	0.800183	1	0.877682
1000	456	10	0.963665	1	0.942547	0.800181	1	0.87768
1000	457	10	0.963665	1	0.944311	0.800179	1	0.886721
1000	458	10	0.963665	1	0.94431	0.800176	1	0.88672
1000	459	10	0.963664	1	0.94431	0.800174	1	0.895372
1000	460	10	0.963664	1	0.944309	0.800172	1	0.904339
1000	461	10	0.963663	1	0.944309	0.80017	1	0.904338
1000	462	10	0.963663	1	0.944308	0.800168	1	0.913317
1000	463	10	0.963663	1	0.944307	0.800166	1	0.913316
1000	464	10	0.963662	1	0.956846	0.800164	1	0.913315
1000	465	10	0.963662	1	0.970268	0.800162	1	0.913314
1000	466	10	0.963662	1	0.970268	0.80016	1	0.913313
1000	467	10	0.963661	1	0.970267	0.800158	1	0.913312
1000	468	10	0.963661	1	0.970267	0.800155	1	0.913311
1000	469	10	0.96366	1	0.970267	0.800153	1	0.91331
1000	470	10	0.965582	1	0.970266	0.804153	1	0.913309
1000	471	10	0.965582	1	0.970266	0.804151	1	0.913308
1000	472	10	0.965581	1	0.970266	0.804149	1	0.913307
1000	473	10	0.965581	1	0.970265	0.807392	1	0.913307
1000	474	10	0.965581	1	0.970265	0.809249	1	0.913306
1000	475	10	0.96558	1	0.970265	0.809247	1	0.913305
1000	476	10	0.96558	1	0.970264	0.809245	1	0.913304
1000	477	10	0.96558	1	0.970264	0.809243	1	0.913303
1000	478	10	0.965579	1	0.970264	0.809241	1	0.913302
1000	479	10	0.965579	1	0.970264	0.809239	1	0.913301
1000	480	10	0.965578	1	0.970263	0.809237	1	0.9133
1000	481	10	0.965578	1	0.970263	0.816073	1	0.922511
1000	482	10	0.965578	1	0.970263	0.816071	1	0.9325
1000	483	10	0.965577	1	0.970262	0.819914	1	0.932499
1000	484	10	0.965577	1	0.970262	0.819912	1	0.932499
1000	485	10	0.965577	1	0.970262	0.81991	1	0.932498
1000	486	10	0.965576	1	0.970261	0.819908	1	0.932497
1000	487	10	0.965576	1	0.970261	0.819907	1	0.932496
1000	488	10	0.965576	1	0.970261	0.819905	1	0.932496
1000	489	10	0.965575	1	0.97026	0.819903	1	0.932495
1000	490	10	0.967256	1	0.971941	0.823714	1	0.932494
1000	491	10	0.969083	1	0.974021	0.823712	1	0.932494
1000	492	10	0.969083	1	0.97402	0.827692	1	0.932493
1000	493	10	0.969083	1	0.97402	0.83206	1	0.932492
1000	494	10	0.969082	1	0.97402	0.832059	1	0.932491
1000	495	10	0.969082	1	0.97402	0.832057	1	0.932491
1000	496	10	0.969082	1	0.974019	0.832055	1	0.93249
1000	497	10	0.969081	1	0.974019	0.832053	1	0.941629
1000	498	10	0.969081	1	0.974019	0.832052	1	0.941629
1000	499	10	0.969081	1	0.977654	0.83205	1	0.950926
1000	500	10	0.96908	1	0.977653	0.832048	1	0.960959
1000	501	10	0.96908	1	0.977653	0.834936	1	0.960959
1000	502	10	0.96908	1	0.977653	0.835753	1	0.970866
1000	503	10	0.969079	1	0.977653	0.835752	1	0.970865
1000	504	10	0.969079	1	0.977652	0.838744	1	0.970865
1000	505	10	0.969079	1	0.977652	0.838743	1	0.970865
1000	506	10	0.969078	1	0.977652	0.838741	1	0.970865
1000	507	10	0.969078	1	0.977652	0.838739	1	0.970864
1000	508	10	0.969078	1	0.977651	0.838737	1	0.970864
1000	509	10	0.969077	1	0.977651	0.838736	1	0.970864
1000	510	10	0.969077	1	0.977651	0.838734	1	0.970863
1000	511	10	0.969077	1	0.977651	0.841811	1	0.970863
1000	512	10	0.969076	1	0.977651	0.841809	1	0.970863
1000	513	10	0.982021	1	0.97765	0.843762	1	0.970862
1000	514	10	0.982021	1	0.97765	0.843761	1	0.970862
1000	515	10	0.982021	1	0.97765	0.843759	1	0.970862
1000	516	10	0.982021	1	0.97765	0.843757	1	0.970861
1000	517	10	0.982021	1	0.977649	0.843756	1	0.970861
1000	518	10	0.982021	1	0.977649	0.845656	1	0.970861
1000	519	10	0.98202	1	0.977649	0.849658	1	0.970861
1000	520	10	0.98202	1	0.979477	0.853366	1	0.97086
1000	521	10	0.98202	1	0.979477	0.853364	1	0.97086
1000	522	10	0.98202	1	0.979477	0.853363	1	0.97086
1000	523	10	0.98202	1	0.979476	0.853361	1	0.970859
1000	524	10	0.982019	1	0.979476	0.85336	1	0.970859
1000	525	10	0.982019	1	0.979476	0.853358	1	0.970859
1000	526	10	0.982019	1	0.979476	0.853357	1	0.970858
1000	527	10	0.982019	1	0.979476	0.853355	1	0.970858
1000	528	10	0.982019	1	0.979475	0.853354	1	0.970858
1000	529	10	0.982018	1	0.979475	0.853352	1	0.970857
1000	530	10	0.982018	1	0.979475	0.854538	1	0.970857
1000	531	10	0.982018	1	0.979475	0.854536	1	0.970857
1000	532	10	0.982018	1	0.979475	0.854535	1	0.970857
1000	533	10	0.982018	1	0.979474	0.854533	1	0.970856
1000	534	10	0.982017	1	0.979474	0.854532	1	0.970856
1000	535	10	0.982017	1	0.979474	0.85453	1	0.970856
1000	536	10	0.982017	1	0.979474	0.854529	1	0.970855
1000	537	10	0.982017	1	0.979473	0.854527	1	0.970855
1000	538	10	0.982017	1	0.979473	0.854526	1	0.970855
1000	539	10	0.982017	1	0.979473	0.854524	1	0.970854
1000	540	10	0.982016	1	0.979473	0.854523	1	0.970854
1000	541	10	0.982016	1	0.979473	0.854521	1	0.970854
1000	542	10	0.982016	1	0.979472	0.85452	1	0.970853
1000	543	10	0.982016	1	0.979472	0.854518	1	0.970853
1000	544	10	0.982016	1	0.979472	0.854517	1	0.970853
1000	545	10	0.982015	1	0.979472	0.854515	1	0.970853
1000	546	10	0.982015	1	0.979471	0.859307	1	0.970852
1000	547	10	0.982015	1	0.979471	0.865559	1	0.970852
1000	548	10	0.982015	1	0.979471	0.869647	1	0.970852
1000	549	10	0.982015	1	0.979471	0.869646	1	0.970851
1000	550	10	0.982014	1	0.979471	0.873765	1	0.970851
1000	551	10	0.982014	1	0.97947	0.873764	1	0.970851
1000	552	10	0.982014	1	0.97947	0.873762	1	0.97085
1000	553	10	0.982014	1	0.97947	0.873761	1	0.97085
1000	554	10	0.982014	1	0.97947	0.87376	1	0.97085
1000	555	10	0.982014	1	0.97947	0.873758	1	0.970849
1000	556	10	0.982013	1	0.979469	0.881662	1	0.970849
1000	557	10	0.982013	1	0.979469	0.881661	1	0.970849
1000	558	10	0.982013	1	0.979469	0.88166	1	0.970849
1000	559	10	0.982013	1	0.979469	0.881658	1	0.970848
1000	560	10	0.982013	1	0.979468	0.881657	1	0.970848
1000	561	10	0.982012	1	0.979468	0.881656	1	0.970848
1000	562	10	0.982012	1	0.979468	0.881655	1	0.970847
1000	563	10	0.982012	1	0.979468	0.881654	1	0.970847
1000	564	10	0.982012	1	0.979468	0.881652	1	0.970847
1000	565	10	0.982012	1	0.979467	0.881651	1	0.970846
1000	566	10	0.982011	1	0.979467	0.88165	1	0.970846
1000	567	10	0.982011	1	0.979467	0.881649	1	0.970846
1000	568	10	0.982011	1	0.979467	0.885621	1	0.970846
1000	569	10	0.982011	1	0.979467	0.88562	1	0.980434
1000	570	10	0.982011	1	0.979466	0.885619	1	0.980434
1000	571	10	0.98201	1	0.979466	0.888646	1	0.980433
1000	572	10	0.98201	1	0.979466	0.888645	1	0.980433
1000	573	10	0.98201	1	0.979466	0.888644	1	0.980433
1000	574	10	0.98201	1	0.979465	0.888642	1	0.980433
1000	575	10	0.98201	1	0.979465	0.890681	1	0.980433
1000	576	10	0.98201	1	0.979465	0.89068	1	0.980432
1000	577	10	0.982009	1	0.979465	0.890679	1	0.980432
1000	578	10	0.982009	1	0.979465	0.890678	1	0.980432
1000	579	10	0.982009	1	0.979464	0.890676	1	0.980432
1000	580	10	0.982009	1	0.979464	0.890675	1	0.980432
1000	581	10	0.982009	1	0.979464	0.890674	1	0.980431
1000	582	10	0.982008	1	0.979464	0.890673	1	0.980431
1000	583	10	0.982008	1	0.979464	0.890672	1	0.980431
1000	584	10	0.982008	1	0.979463	0.890671	1	0.980431
1000	585	10	0.982008	1	0.979463	0.89067	1	0.980431
1000	586	10	0.982008	1	0.979463	0.890668	1	0.98043
1000	587	10	0.982007	1	0.979463	0.890667	1	0.98043
1000	588	10	0.982007	1	0.979462	0.890666	1	0.98043
1000	589	10	0.982007	1	0.979462	0.890665	1	0.98043
1000	590	10	0.982007	1	0.979462	0.890664	1	0.980429
1000	591	10	0.982007	1	0.979462	0.890663	1	0.980429
1000	592	10	0.982007	1	0.979462	0.890661	1	0.980429
1000	593	10	0.982006	1	0.979461	0.89066	1	0.980429
1000	594	10	0.982006	1	0.979461	0.890659	1	0.980429
1000	595	10	0.982006	1	0.979461	0.890658	1	0.980428
1000	596	10	0.982006	1	0.979461	0.890657	1	0.980428
1000	597	10	0.982006	1	0.97946	0.890656	1	0.980428
1000	598	10	0.982005	1	0.97946	0.890655	1	0.980428
1000	599	10	0.982005	1	0.97946	0.894839	1	0.980428
1000	600	10	0.982005	1	0.97946	0.894838	1	0.980427
1000	601	10	0.982005	1	0.97946	0.894837	1	0.980427
1000	602	10	0.982005	1	0.979459	0.894836	1	0.989882
1000	603	10	0.982004	1	0.979459	0.894835	1	0.989882
1000	604	10	0.982004	1	0.979459	0.894834	1	0.989882
1000	605	10	0.982004	1	0.979459	0.894833	1	0.989882
1000	606	10	0.982004	1	0.979459	0.894832	1	0.989882
1000	607	10	0.982004	1	0.979458	0.89483	1	1
1000	608	10	0.982003	1	0.979458	0.894829	1	1
1000	609	10	0.982003	1	0.979458	0.894828	1	1
1000	610	10	0.982003	1	0.979458	0.897793	1	1
1000	611	10	0.982003	1	0.979457	0.897792	1	1
1000	612	10	0.982003	1	0.979457	0.897791	1	1
1000	613	10	0.982003	1	0.979457	0.89779	1	1
1000	614	10	0.982002	1	0.979457	0.898715	1	1
1000	615	10	0.982002	1	0.979457	0.898714	1	1
1000	616	10	0.982002	1	0.979456	0.898712	1	1
1000	617	10	0.982002	1	0.979456	0.898711	1	1
1000	618	10	0.982002	1	0.979456	0.89871	1	1
1000	619	10	0.982001	1	0.979456	0.898709	1	1
1000	620	10	0.982001	1	0.979456	0.898708	1	1
1000	621	10	0.982001	1	0.979455	0.898707	1	1
1000	622	10	0.982001	1	0.979455	0.898706	1	1
1000	623	10	0.982001	1	0.979455	0.898705	1	1
1000	624	10	0.982	1	0.979455	0.901439	1	1
1000	625	10	0.982	1	0.979454	0.901438	1	1
1000	626	10	0.982	1	0.979454	0.901437	1	1
1000	627	10	0.982	1	0.979454	0.901436	1	1
1000	628	10	0.982662	1	0.979454	0.901435	1	1
1000	629	10	0.982662	1	0.979454	0.901434	1	1
1000	630	10	0.982662	1	0.979453	0.901433	1	1
1000	631	10	0.982662	1	0.979453	0.901432	1	1
1000	632	10	0.982662	1	0.979453	0.901431	1	1
1000	633	10	0.982662	1	0.979453	0.90143	1	1
1000	634	10	0.982661	1	0.979452	0.91013	1	1
1000	635	10	0.982661	1	0.979452	0.910129	1	1
1000	636	10	0.982661	1	0.979452	0.910128	1	1
1000	637	10	0.982661	1	0.979452	0.910127	1	1
1000	638	10	0.983481	1	0.979452	0.910126	1	1
1000	639	10	0.983481	1	0.979451	0.910125	1	1
1000	640	10	0.983481	1	0.979451	0.910124	1	1
1000	641	10	0.983481	1	0.979451	0.919067	1	1
1000	642	10	0.983481	1	0.979451	0.919066	1	1
1000	643	10	0.98348	1	0.979451	0.919065	1	1
1000	644	10	0.98348	1	0.97945	0.919064	1	1
1000	645	10	0.98348	1	0.97945	0.919063	1	1
1000	646	10	0.98348	1	0.97945	0.919062	1	1
1000	647	10	0.98348	1	0.97945	0.919061	1	1
1000	648	10	0.98348	1	0.979449	0.919061	1	1
1000	649	10	0.983479	1	0.979449	0.91906	1	1
1000	650	10	0.983479	1	0.979449	0.919059	1	1
1000	651	10	0.983479	1	0.979449	0.922362	1	1
1000	652	10	0.983479	1	0.979449	0.922361	1	1
1000	653	10	0.983479	1	0.979448	0.922361	1	1
1000	654	10	0.983479	1	0.979448	0.92236	1	1
1000	655	10	0.983478	1	0.979448	0.922359	1	1
1000	656	10	0.983478	1	0.979448	0.922358	1	1
1000	657	10	0.983478	1	0.979448	0.922357	1	1
1000	658	10	0.983478	1	0.979447	0.922356	1	1
1000	659	10	0.983478	1	0.979447	0.922356	1	1
1000	660	10	0.983478	1	0.979447	0.922355	1	1
1000	661	10	0.983477	1	0.979447	0.922354	1	1
1000	662	10	0.983477	1	0.979446	0.922353	1	1
1000	663	10	0.983477	1	0.979446	0.922352	1	1
1000	664	10	0.983477	1	0.979446	0.922352	1	1
1000	665	10	0.983477	1	0.979446	0.922351	1	1
1000	666	10	0.983476	1	0.979446	0.92235	1	1
1000	667	10	0.983476	1	0.979445	0.922349	1	1
1000	668	10	0.983476	1	0.979445	0.922348	1	1
1000	669	10	0.983476	1	0.979445	0.922347	1	1
1000	670	10	0.983476	1	0.979445	0.922347	1	1
1000	671	10	0.983476	1	0.979444	0.922346	1	1
1000	672	10	0.983475	1	0.979444	0.922345	1	1
1000	673	10	0.983475	1	0.979444	0.922344	1	1
1000	674	10	0.983475	1	0.979444	0.922343	1	1
1000	675	10	0.983475	1	0.979444	0.922343	1	1
1000	676	10	0.983475	1	0.979443	0.922342	1	1
1000	677	10	0.983475	1	0.979443	0.922341	1	1
1000	678	10	0.983474	1	0.979443	0.92234	1	1
1000	679	10	0.983474	1	0.979443	0.922339	1	1
1000	680	10	0.983474	1	0.979443	0.922338	1	1
1000	681	10	0.983474	1	0.979442	0.922338	1	1
1000	682	10	0.983474	1	0.979442	0.922337	1	1
1000	683	10	0.983474	1	0.979442	0.922336	1	1
1000	684	10	0.983473	1	0.979442	0.922335	1	1
1000	685	10	0.983473	1	0.979441	0.922334	1	1
1000	686	10	0.983473	1	0.979441	0.922334	1	1
1000	687	10	0.983473	1	0.979441	0.922333	1	1
1000	688	10	0.983473	1	0.979441	0.922332	1	1
1000	689	10	0.983472	1	0.979441	0.922331	1	1
1000	690	10	0.983472	1	0.97944	0.92233	1	1
1000	691	10	0.983472	1	0.97944	0.922329	1	1
1000	692	10	0.983472	1	0.97944	0.922329	1	1
1000	693	10	0.983472	1	0.97944	0.922328	1	1
1000	694	10	0.983472	1	0.97944	0.922327	1	1
1000	695	10	0.983471	1	0.979439	0.922326	1	1
1000	696	10	0.983471	1	0.979439	0.922325	1	1
1000	697	10	0.983471	1	0.979439	0.922325	1	1
1000	698	10	0.983471	1	0.979439	0.922324	1	1
1000	699	10	0.983471	1	0.979438	0.922323	1	1
1000	700	10	0.983471	1	0.979438	0.922322	1	1
1000	701	10	0.98347	1	0.979438	0.922321	1	1
1000	702	10	0.98347	1	0.979438	0.92232	1	1
1000	703	10	0.98347	1	0.979438	0.92232	1	1
1000	704	10	0.98347	1	0.979437	0.922319	1	1
1000	705	10	0.98347	1	0.979437	0.922318	1	1
1000	706	10	0.98347	1	0.979437	0.922317	1	1
1000	707	10	0.983469	1	0.979437	0.922316	1	1
1000	708	10	0.983469	1	0.979436	0.922316	1	1
1000	709	10	0.983469	1	0.979436	0.922315	1	1
1000	710	10	0.983469	1	0.979436	0.922314	1	1
1000	711	10	0.983469	1	0.979436	0.922313	1	1
1000	712	10	0.983468	1	0.979436	0.922312	1	1
1000	713	10	0.983468	1	0.979435	0.922311	1	1
1000	714	10	0.983468	1	0.979435	0.922311	1	1
1000	715	10	0.983468	1	0.979435	0.92231	1	1
1000	716	10	0.983468	1	0.979435	0.922309	1	1
1000	717	10	0.983468	1	0.979435	0.922308	1	1
1000	718	10	0.983467	1	0.979434	0.922307	1	1
1000	719	10	0.983467	1	0.979434	0.922307	1	1
1000	720	10	0.983467	1	0.979434	0.922306	1	1
1000	721	10	0.983467	1	0.979434	0.922305	1	1
1000	722	10	0.983467	1	0.979433	0.922304	1	1
1000	723	10	0.983467	1	0.979433	0.922303	1	1
1000	724	10	0.983466	1	0.979433	0.922302	1	1
1000	725	10	0.983466	1	0.979433	0.922302	1	1
1000	726	10	0.983466	1	0.979433	0.922301	1	1
1000	727	10	0.983466	1	0.982729	0.9223	1	1
1000	728	10	0.983466	1	0.982728	0.922299	1	1
1000	729	10	0.983466	1	0.982728	0.922298	1	1
1000	730	10	0.983465	1	0.982728	0.922298	1	1
1000	731	10	0.983465	1	0.982728	0.922297	1	1
1000	732	10	0.983465	1	0.982728	0.926256	1	1
1000	733	10	0.983465	1	0.982728	0.926255	1	1
1000	734	10	0.983465	1	0.982727	0.926254	1	1
1000	735	10	0.983464	1	0.982727	0.926254	1	1
1000	736	10	0.983464	1	0.982727	0.926253	1	1
1000	737	10	0.983464	1	0.982727	0.926252	1	1
1000	738	10	0.983464	1	0.982727	0.926251	1	1
1000	739	10	0.983464	1	0.982726	0.92625	1	1
1000	740	10	0.983464	1	0.982726	0.92625	1	1
1000	741	10	0.983463	1	0.982726	0.926249	1	1
1000	742	10	0.983463	1	0.982726	0.926248	1	1
1000	743	10	0.983463	1	0.982726	0.926247	1	1
1000	744	10	0.983463	1	0.982726	0.926247	1	1
1000	745	10	0.983463	1	0.982725	0.926246	1	1
1000	746	10	0.983463	1	0.982725	0.929237	1	1
1000	747	10	0.983462	1	0.982725	0.929236	1	1
1000	748	10	0.983462	1	0.982725	0.929235	1	1
1000	749	10	0.983462	1	0.982725	0.929234	1	1
1000	750	10	0.983462	1	0.982724	0.929234	1	1
1000	751	10	0.983462	1	0.982724	0.929233	1	1
1000	752	10	0.983461	1	0.982724	0.929232	1	1
1000	753	10	0.983461	1	0.982724	0.929231	1	1
1000	754	10	0.983461	1	0.982724	0.929231	1	1
1000	755	10	0.983461	1	0.982724	0.92923	1	1
1000	756	10	0.983461	1	0.982723	0.929229	1	1
1000	757	10	0.983461	1	0.982723	0.929228	1	1
1000	758	10	0.98346	1	0.982723	0.929228	1	1
1000	759	10	0.98346	1	0.982723	0.929227	1	1
1000	760	10	0.98346	1	0.982723	0.929226	1	1
1000	761	10	0.98346	1	0.982722	0.929225	1	1
1000	762	10	0.98346	1	0.982722	0.93308	1	1
1000	763	10	0.98346	1	0.982722	0.93308	1	1
1000	764	10	0.983459	1	0.982722	0.933079	1	1
1000	765	10	0.983459	1	0.982722	0.933078	1	1
1000	766	10	0.983459	1	0.982722	0.933078	1	1
1000	767	10	0.983459	1	0.982721	0.933077	1	1
1000	768	10	0.983459	1	0.983511	0.933076	1	1
1000	769	10	0.983459	1	0.983511	0.933076	1	1
1000	770	10	0.983458	1	0.983511	0.933075	1	1
1000	771	10	0.983458	1	0.983511	0.933074	1	1
1000	772	10	0.983458	1	0.983511	0.933073	1	1
1000	773	10	0.983458	1	0.983511	0.933073	1	1
1000	774	10	0.983458	1	0.98351	0.933072	1	1
1000	775	10	0.983457	1	0.98351	0.933071	1	1
1000	776	10	0.983457	1	0.98351	0.933071	1	1
1000	777	10	0.983457	1	0.98351	0.93307	1	1
1000	778	10	0.983457	1	0.98351	0.933069	1	1
1000	779	10	0.983457	1	0.983509	0.933069	1	1
1000	780	10	0.983457	1	0.983509	0.933068	1	1
1000	781	10	0.983456	1	0.983509	0.933067	1	1
1000	782	10	0.983456	1	0.983509	0.933066	1	1
1000	783	10	0.983456	1	0.983509	0.933066	1	1
1000	784	10	0.983456	1	0.983509	0.933065	1	1
1000	785	10	0.983456	1	0.983508	0.933064	1	1
1000	786	10	0.983456	1	0.983508	0.933064	1	1
1000	787	10	0.983455	1	0.983508	0.933063	1	1
1000	788	10	0.983455	1	0.983508	0.933062	1	1
1000	789	10	0.983455	1	0.983508	0.933061	1	1
1000	790	10	0.983455	1	0.983508	0.938214	1	1
1000	791	10	0.983455	1	0.983507	0.938213	1	1
1000	792	10	0.983455	1	0.983507	0.938213	1	1
1000	793	10	0.983454	1	0.983507	0.938212	1	1
1000	794	10	0.983454	1	0.983507	0.938211	1	1
1000	795	10	0.983454	1	0.983507	0.938211	1	1
1000	796	10	0.983454	1	0.985193	0.93821	1	1
1000	797	10	0.983454	1	0.985193	0.938209	1	1
1000	798	10	0.983453	1	0.985192	0.938209	1	1
1000	799	10	0.983453	1	0.985192	0.938208	1	1
1000	800	10	0.983453	1	0.985192	0.938207	1	1
1000	801	10	0.983453	1	0.985192	0.938207	1	1
1000	802	10	0.98516	1	0.985192	0.938206	1	1
1000	803	10	0.98516	1	0.985192	0.938206	1	1
1000	804	10	0.98516	1	0.985192	0.938205	1	1
1000	805	10	0.98516	1	0.985191	0.938204	1	1
1000	806	10	0.98516	1	0.985191	0.938204	1	1
1000	807	10	0.985159	1	0.985191	0.938203	1	1
1000	808	10	0.985159	1	0.985191	0.938202	1	1
1000	809	10	0.985159	1	0.985191	0.938202	1	1
1000	810	10	0.985159	1	0.985191	0.938201	1	1
1000	811	10	0.985159	1	0.98519	0.9382	1	1
1000	812	10	0.985159	1	0.98519	0.9382	1	1
1000	813	10	0.985158	1	0.98519	0.938199	1	1
1000	814	10	0.985158	1	0.98519	0.938198	1	1
1000	815	10	0.985158	1	0.98519	0.938198	1	1
1000	816	10	0.985158	1	0.98519	0.938197	1	1
1000	817	10	0.985158	1	0.985189	0.938196	1	1
1000	818	10	0.985158	1	0.985189	0.938196	1	1
1000	819	10	0.985158	1	0.985189	0.942011	1	1
1000	820	10	0.985157	1	0.985189	0.94201	1	1
1000	821	10	0.985157	1	0.985189	0.946058	1	1
1000	822	10	0.985157	1	0.985189	0.946057	1	1
1000	823	10	0.985157	1	0.985189	0.946057	1	1
1000	824	10	0.985157	1	0.985188	0.946056	1	1
1000	825	10	0.985157	1	0.985188	0.946056	1	1
1000	826	10	0.985156	1	0.985188	0.946055	1	1
1000	827	10	0.985156	1	0.985188	0.946055	1	1
1000	828	10	0.985156	1	0.985188	0.946054	1	1
1000	829	10	0.985156	1	0.985188	0.946053	1	1
1000	830	10	0.985156	1	0.985187	0.946053	1	1
1000	831	10	0.985156	1	0.985187	0.946052	1	1
1000	832	10	0.985156	1	0.985187	0.946052	1	1
1000	833	10	0.985155	1	0.985187	0.946051	1	1
1000	834	10	0.985155	1	0.985187	0.946051	1	1
1000	835	10	0.985155	1	0.985187	0.94605	1	1
1000	836	10	0.985155	1	0.985187	0.946049	1	1
1000	837	10	0.985155	1	0.985186	0.946049	1	1
1000	838	10	0.985155	1	0.985186	0.946048	1	1
1000	839	10	0.985154	1	0.985186	0.946048	1	1
1000	840	10	0.985154	1	0.985186	0.946047	1	1
1000	841	10	0.985154	1	0.985186	0.946047	1	1
1000	842	10	0.985154	1	0.985186	0.946046	1	1
1000	843	10	0.985154	1	0.985185	0.946045	1	1
1000	844	10	0.985154	1	0.985185	0.95177	1	1
1000	845	10	0.985153	1	0.985185	0.95177	1	1
1000	846	10	0.985153	1	0.985185	0.951769	1	1
1000	847	10	0.985153	1	0.985185	0.951769	1	1
1000	848	10	0.985153	1	0.985185	0.951768	1	1
1000	849	10	0.985153	1	0.985184	0.951768	1	1
1000	850	10	0.985986	1	0.986017	0.951767	1	1
1000	851	10	0.985986	1	0.986017	0.951767	1	1
1000	852	10	0.985985	1	0.986017	0.951766	1	1
1000	853	10	0.985985	1	0.986017	0.951766	1	1
1000	854	10	0.985985	1	0.986017	0.951765	1	1
1000	855	10	0.985985	1	0.986017	0.951765	1	1
1000	856	10	0.985985	1	0.986016	0.951764	1	1
1000	857	10	0.985985	1	0.986016	0.951764	1	1
1000	858	10	0.985985	1	0.986016	0.951763	1	1
1000	859	10	0.985984	1	0.986016	0.951763	1	1
1000	860	10	0.985984	1	0.986016	0.951762	1	1
1000	861	10	0.985984	1	0.986016	0.951762	1	1
1000	862	10	0.985984	1	0.986016	0.951761	1	1
1000	863	10	0.985984	1	0.986015	0.951761	1	1
1000	864	10	0.985984	1	0.986015	0.95176	1	1
1000	865	10	0.985984	1	0.986015	0.95176	1	1
1000	866	10	0.985983	1	0.986015	0.951759	1	1
1000	867	10	0.985983	1	0.986015	0.951759	1	1
1000	868	10	0.985983	1	0.986015	0.951758	1	1
1000	869	10	0.985983	1	0.986015	0.951758	1	1
1000	870	10	0.985983	1	0.986014	0.951757	1	1
1000	871	10	0.985983	1	0.986014	0.955628	1	1
1000	872	10	0.985982	1	0.986014	0.955627	1	1
1000	873	10	0.985982	1	0.986014	0.955627	1	1
1000	874	10	0.985982	1	0.986014	0.955626	1	1
1000	875	10	0.985982	1	0.986014	0.955626	1	1
1000	876	10	0.985982	1	0.986014	0.955625	1	1
1000	877	10	0.985982	1	0.986013	0.955625	1	1
1000	878	10	0.985982	1	0.986013	0.955624	1	1
1000	879	10	0.985981	1	0.986013	0.955624	1	1
1000	880	10	0.985981	1	0.986013	0.955623	1	1
1000	881	10	0.985981	1	0.986013	0.955623	1	1
1000	882	10	0.985981	1	0.986013	0.955622	1	1
1000	883	10	0.985981	1	0.986013	0.955622	1	1
1000	884	10	0.985981	1	0.986012	0.955621	1	1
1000	885	10	0.985981	1	0.986012	0.955621	1	1
1000	886	10	0.98598	1	0.986012	0.95562	1	1
1000	887	10	0.98598	1	0.986012	0.95562	1	1
1000	888	10	0.98598	1	0.986012	0.95562	1	1
1000	889	10	0.98598	1	0.986012	0.955619	1	1
1000	890	10	0.98598	1	0.986011	0.955619	1	1
1000	891	10	0.98598	1	0.986011	0.955618	1	1
1000	892	10	0.98598	1	0.986011	0.955618	1	1
1000	893	10	0.985979	1	0.986011	0.955617	1	1
1000	894	10	0.985979	1	0.986011	0.955617	1	1
1000	895	10	0.987667	1	0.986011	0.955616	1	1
1000	896	10	0.987667	1	0.986011	0.955616	1	1
1000	897	10	0.987667	1	0.98601	0.955615	1	1
1000	898	10	0.987667	1	0.98601	0.955615	1	1
1000	899	10	0.987667	1	0.98601	0.955614	1	1
1000	900	10	0.987666	1	0.98601	0.955614	1	1
1000	901	10	0.987666	1	0.98601	0.955613	1	1
1000	902	10	0.987666	1	0.98601	0.955613	1	1
1000	903	10	0.987666	1	0.98601	0.955613	1	1
1000	904	10	0.987666	1	0.986009	0.955612	1	1
1000	905	10	0.987666	1	0.986009	0.955612	1	1
1000	906	10	0.987666	1	0.986009	0.955611	1	1
1000	907	10	0.987666	1	0.986009	0.955611	1	1
1000	908	10	0.987665	1	0.986009	0.95561	1	1
1000	909	10	0.987665	1	0.986009	0.95561	1	1
1000	910	10	0.987665	1	0.986009	0.955609	1	1
1000	911	10	0.987665	1	0.986008	0.955609	1	1
1000	912	10	0.987665	1	0.986008	0.955608	1	1
1000	913	10	0.987665	1	0.986008	0.955608	1	1
1000	914	10	0.987665	1	0.986008	0.955607	1	1
1000	915	10	0.987664	1	0.986008	0.955607	1	1
1000	916	10	0.987664	1	0.986008	0.955606	1	1
1000	917	10	0.987664	1	0.986007	0.955606	1	1
1000	918	10	0.987664	1	0.986007	0.955606	1	1
1000	919	10	0.987664	1	0.986007	0.955605	1	1
1000	920	10	0.987664	1	0.986007	0.955605	1	1
1000	921	10	0.987664	1	0.986007	0.955604	1	1
1000	922	10	0.987664	1	0.987811	0.955604	1	1
1000	923	10	0.987663	1	0.987811	0.955603	1	1
1000	924	10	0.987663	1	0.987811	0.955603	1	1
1000	925	10	0.987663	1	0.987811	0.955602	1	1
1000	926	10	0.987663	1	0.987811	0.955602	1	1
1000	927	10	0.987663	1	0.987811	0.955601	1	1
1000	928	10	0.987663	1	0.987811	0.955601	1	1
1000	929	10	0.987663	1	0.98781	0.9556	1	1
1000	930	10	0.987663	1	0.98781	0.9556	1	1
1000	931	10	0.987662	1	0.98781	0.955599	1	1
1000	932	10	0.987662	1	0.98781	0.955599	1	1
1000	933	10	0.987662	1	0.98781	0.955598	1	1
1000	934	10	0.987662	1	0.98781	0.955598	1	1
1000	935	10	0.987662	1	0.98781	0.955598	1	1
1000	936	10	0.987662	1	0.98781	0.955597	1	1
1000	937	10	0.987662	1	0.987809	0.955597	1	1
1000	938	10	0.987661	1	0.987809	0.959649	1	1
1000	939	10	0.987661	1	0.987809	0.959649	1	1
1000	940	10	0.987661	1	0.987809	0.959648	1	1
1000	941	10	0.987661	1	0.987809	0.959648	1	1
1000	942	10	0.987661	1	0.987809	0.959647	1	1
1000	943	10	0.987661	1	0.987809	0.959647	1	1
1000	944	10	0.987661	1	0.987808	0.959647	1	1
1000	945	10	0.987661	1	0.987808	0.959646	1	1
1000	946	10	0.98766	1	0.987808	0.959646	1	1
1000	947	10	0.98766	1	0.987808	0.959645	1	1
1000	948	10	0.98766	1	0.987808	0.959645	1	1
1000	949	10	0.98766	1	0.987808	0.966548	1	1
1000	950	10	0.98766	1	0.987808	0.966548	1	1
1000	951	10	0.98766	1	0.987808	0.966547	1	1
1000	952	10	0.98766	1	0.987807	0.966547	1	1
1000	953	10	0.98766	1	0.987807	0.966547	1	1
1000	954	10	0.987659	1	0.987807	0.966546	1	1
1000	955	10	0.987659	1	0.987807	0.966546	1	1
1000	956	10	0.987659	1	0.987807	0.966546	1	1
1000	957	10	0.987659	1	0.987807	0.970282	1	1
1000	958	10	0.987659	1	0.987807	0.970282	1	1
1000	959	10	0.987659	1	0.987807	0.970282	1	1
1000	960	10	0.987659	1	0.987806	0.970281	1	1
1000	961	10	0.987658	1	0.987806	0.970281	1	1
1000	962	10	0.987658	1	0.987806	0.970281	1	1
1000	963	10	0.987658	1	0.987806	0.970281	1	1
1000	964	10	0.987658	1	0.987806	0.97028	1	1
1000	965	10	0.987658	1	0.987806	0.97028	1	1
1000	966	10	0.987658	1	0.989548	0.97028	1	1
1000	967	10	0.987658	1	0.989548	0.970279	1	1
1000	968	10	0.987658	1	0.989547	0.970279	1	1
1000	969	10	0.987657	1	0.989547	0.970279	1	1
1000	970	10	0.987657	1	0.989547	0.970278	1	1
1000	971	10	0.987657	1	0.989547	0.970278	1	1
1000	972	10	0.987657	1	0.989547	0.970278	1	1
1000	973	10	0.987657	1	0.989547	0.970277	1	1
1000	974	10	0.987657	1	0.989547	0.970277	1	1
1000	975	10	0.987657	1	0.989547	0.970277	1	1
1000	976	10	0.987657	1	0.989547	0.970276	1	1
1000	977	10	0.987656	1	0.989546	0.970276	1	1
1000	978	10	0.987656	1	0.989546	0.970276	1	1
1000	979	10	0.987656	1	0.989546	0.970275	1	1
1000	980	10	0.987656	1	0.989546	0.970275	1	1
1000	981	10	0.987656	1	0.989546	0.970275	1	1
1000	982	10	0.987656	1	0.989546	0.970275	1	1
1000	983	10	0.987656	1	0.989546	0.970274	1	1
1000	984	10	0.989081	1	0.989546	0.970274	1	1
1000	985	10	0.989081	1	0.989546	0.970274	1	1
1000	986	10	0.989081	1	0.989545	0.970273	1	1
1000	987	10	0.989081	1	0.989545	0.970273	1	1
1000	988	10	0.989081	1	0.989545	0.970273	1	1
1000	989	10	0.989081	1	0.989545	0.970272	1	1
1000	990	10	0.98908	1	0.989545	0.970272	1	1
1000	991	10	0.98908	1	0.989545	0.970272	1	1
1000	992	10	0.98908	1	0.989545	0.970271	1	1
1000	993	10	0.98908	1	0.989545	0.970271	1	1
1000	994	10	0.98908	1	0.989545	0.970271	1	1
1000	995	10	0.98908	1	0.989544	0.97027	1	1
1000	996	10	0.98908	1	0.989544	0.97027	1	1
1000	997	10	0.98908	1	0.989544	0.97027	1	1
1000	998	10	0.989079	1	0.989544	0.97027	1	1
1000	999	10	0.989079	1	0.989544	0.970269	1	1
1000	1000	10	0.989079	1	0.989544	0.970269	1	1
1000	1	10						
1000	2	10						
1000	3	10						
1000	4	10						
1000	5	10						
1000	6	10						
1000	7	10						
1000	8	10						
1000	9	10						
1000	10	10						
1000	11	10						
1000	12	10						
1000	13	10						
1000	14	10						
1000	15	10						
1000	16	10						
1000	17	10						
1000	18	10						
1000	19	10						
1000	20	10						
1000	21	10						
1000	22	10						
1000	23	10						
1000	24	10						
1000	25	10						
1000	26	10						
1000	27	10						
1000	28	10						
1000	29	10						
1000	30	10						
1000	31	10						
1000	32	10						
1000	33	10						
1000	34	10						
1000	35	10						
1000	36	10						
1000	37	10						
1000	38	10						
1000	39	10						
1000	40	10						
1000	41	10						
1000	42	10						
1000	43	10						
1000	44	10						
1000	45	10						
1000	46	10						
1000	47	10						
1000	48	10						
1000	49	10						
1000	50	10						
1000	51	10						
1000	52	10						
1000	53	10						
1000	54	10						
1000	55	10						
1000	56	10						
1000	57	10						
1000	58	10						
1000	59	10						
1000	60	10						
1000	61	10						
1000	62	10						
1000	63	10						
1000	64	10						
1000	65	10						
1000	66	10						
1000	67	10						
1000	68	10						
1000	69	10						
1000	70	10						
1000	71	10						
1000	72	10						
1000	73	10						
1000	74	10						
1000	75	10						
1000	76	10						
1000	77	10						
1000	78	10						
1000	79	10						
1000	80	10						
1000	81	10						
1000	82	10						
1000	83	10						
1000	84	10						
1000	85	10						
1000	86	10						
1000	87	10						
1000	88	10						
1000	89	10						
1000	90	10						
1000	91	10						
1000	92	10						
1000	93	10						
1000	94	10						
1000	95	10						
1000	96	10						
1000	97	10						
1000	98	10						
1000	99	10						
1000	100	10						
1000	101	10						
1000	102	10						
1000	103	10						
1000	104	10						
1000	105	10						
1000	106	10						
1000	107	10						
1000	108	10						
1000	109	10						
1000	110	10						
1000	111	10						
1000	112	10						
1000	113	10						
1000	114	10						
1000	115	10						
1000	116	10						
1000	117	10						
1000	118	10						
1000	119	10						
1000	120	10						
1000	121	10						
1000	122	10						
1000	123	10						
1000	124	10						
1000	125	10						
1000	126	10						
1000	127	10						
1000	128	10						
1000	129	10						
1000	130	10						
1000	131	10						
1000	132	10						
1000	133	10						
1000	134	10						
1000	135	10						
1000	136	10						
1000	137	10						
1000	138	10						
1000	139	10						
1000	140	10						
1000	141	10						
1000	142	10						
1000	143	10						
1000	144	10						
1000	145	10						
1000	146	10						
1000	147	10						
1000	148	10						
1000	149	10						
1000	150	10						
1000	151	10						
1000	152	10						
1000	153	10						
1000	154	10						
1000	155	10						
1000	156	10						
1000	157	10						
1000	158	10						
1000	159	10						
1000	160	10						
1000	161	10						
1000	162	10						
1000	163	10						
1000	164	10						
1000	165	10						
1000	166	10						
1000	167	10						
1000	168	10						
1000	169	10						
1000	170	10						
1000	171	10						
1000	172	10						
1000	173	10						
1000	174	10						
1000	175	10						
1000	176	10						
1000	177	10						
1000	178	10						
1000	179	10						
1000	180	10						
1000	181	10						
1000	182	10						
1000	183	10						
1000	184	10						
1000	185	10						
1000	186	10						
1000	187	10						
1000	188	10						
1000	189	10						
1000	190	10						
1000	191	10						
1000	192	10						
1000	193	10						
1000	194	10						
1000	195	10						
1000	196	10						
1000	197	10						
1000	198	10						
1000	199	10						
1000	200	10						
1000	201	10						
1000	202	10						
1000	203	10						
1000	204	10						
1000	205	10						
1000	206	10						
1000	207	10						
1000	208	10						
1000	209	10						
1000	210	10						
1000	211	10						
1000	212	10						
1000	213	10						
1000	214	10						
1000	215	10						
1000	216	10						
1000	217	10						
1000	218	10						
1000	219	10						
1000	220	10						
1000	221	10						
1000	222	10						
1000	223	10						
1000	224	10						
1000	225	10						
1000	226	10						
1000	227	10						
1000	228	10						
1000	229	10						
1000	230	10						
1000	231	10						
1000	232	10						
1000	233	10						
1000	234	10						
1000	235	10						
1000	236	10						
1000	237	10						
1000	238	10						
1000	239	10						
1000	240	10						
1000	241	10						
1000	242	10						
1000	243	10						
1000	244	10						
1000	245	10						
1000	246	10						
1000	247	10						
1000	248	10						
1000	249	10						
1000	250	10						
1000	251	10						
1000	252	10						
1000	253	10						
1000	254	10						
1000	255	10						
1000	256	10						
1000	257	10						
1000	258	10						
1000	259	10						
1000	260	10						
1000	261	10						
1000	262	10						
1000	263	10						
1000	264	10						
1000	265	10						
1000	266	10						
1000	267	10						
1000	268	10						
1000	269	10						
1000	270	10						
1000	271	10						
1000	272	10						
1000	273	10						
1000	274	10						
1000	275	10						
1000	276	10						
1000	277	10						
1000	278	10						
1000	279	10						
1000	280	10						
1000	281	10						
1000	282	10						
1000	283	10						
1000	284	10						
1000	285	10						
1000	286	10						
1000	287	10						
1000	288	10						
1000	289	10						
1000	290	10						
1000	291	10						
1000	292	10						
1000	293	10						
1000	294	10						
1000	295	10						
1000	296	10						
1000	297	10						
1000	298	10						
1000	299	10						
1000	300	10						
1000	301	10						
1000	302	10						
1000	303	10						
1000	304	10						
1000	305	10						
1000	306	10						
1000	307	10						
1000	308	10						
1000	309	10						
1000	310	10						
1000	311	10						
1000	312	10						
1000	313	10						
1000	314	10						
1000	315	10						
1000	316	10						
1000	317	10						
1000	318	10						
1000	319	10						
1000	320	10						
1000	321	10						
1000	322	10						
1000	323	10						
1000	324	10						
1000	325	10						
1000	326	10						
1000	327	10						
1000	328	10						
1000	329	10						
1000	330	10						
1000	331	10						
1000	332	10						
1000	333	10						
1000	334	10						
1000	335	10						
1000	336	10						
1000	337	10						
1000	338	10						
1000	339	10						
1000	340	10						
1000	341	10						
1000	342	10						
1000	343	10						
1000	344	10						
1000	345	10						
1000	346	10						
1000	347	10						
1000	348	10						
1000	349	10						
1000	350	10						
1000	351	10						
1000	352	10						
1000	353	10						
1000	354	10						
1000	355	10						
1000	356	10						
1000	357	10						
1000	358	10						
1000	359	10						
1000	360	10						
1000	361	10						
1000	362	10						
1000	363	10						
1000	364	10						
1000	365	10						
1000	366	10						
1000	367	10						
1000	368	10						
1000	369	10						
1000	370	10						
1000	371	10						
1000	372	10						
1000	373	10						
1000	374	10						
1000	375	10						
1000	376	10						
1000	377	10						
1000	378	10						
1000	379	10						
1000	380	10						
1000	381	10						
1000	382	10						
1000	383	10						
1000	384	10						
1000	385	10						
1000	386	10						
1000	387	10						
1000	388	10						
1000	389	10						
1000	390	10						
1000	391	10						
1000	392	10						
1000	393	10						
1000	394	10						
1000	395	10						
1000	396	10						
1000	397	10						
1000	398	10						
1000	399	10						
1000	400	10						
1000	401	10						
1000	402	10						
1000	403	10						
1000	404	10						
1000	405	10						
1000	406	10						
1000	407	10						
1000	408	10						
1000	409	10						
1000	410	10						
1000	411	10						
1000	412	10						
1000	413	10						
1000	414	10						
1000	415	10						
1000	416	10						
1000	417	10						
1000	418	10						
1000	419	10						
1000	420	10						
1000	421	10						
1000	422	10						
1000	423	10						
1000	424	10						
1000	425	10						
1000	426	10						
1000	427	10						
1000	428	10						
1000	429	10						
1000	430	10						
1000	431	10						
1000	432	10						
1000	433	10						
1000	434	10						
1000	435	10						
1000	436	10						
1000	437	10						
1000	438	10						
1000	439	10						
1000	440	10						
1000	441	10						
1000	442	10						
1000	443	10						
1000	444	10						
1000	445	10						
1000	446	10						
1000	447	10						
1000	448	10						
1000	449	10						
1000	450	10						
1000	451	10						
1000	452	10						
1000	453	10						
1000	454	10						
1000	455	10						
1000	456	10						
1000	457	10						
1000	458	10						
1000	459	10						
1000	460	10						
1000	461	10						
1000	462	10						
1000	463	10						
1000	464	10						
1000	465	10						
1000	466	10						
1000	467	10						
1000	468	10						
1000	469	10						
1000	470	10						
1000	471	10						
1000	472	10						
1000	473	10						
1000	474	10						
1000	475	10						
1000	476	10						
1000	477	10						
1000	478	10						
1000	479	10						
1000	480	10						
1000	481	10						
1000	482	10						
1000	483	10						
1000	484	10						
1000	485	10						
1000	486	10						
1000	487	10						
1000	488	10						
1000	489	10						
1000	490	10						
1000	491	10						
1000	492	10						
1000	493	10						
1000	494	10						
1000	495	10						
1000	496	10						
1000	497	10						
1000	498	10						
1000	499	10						
1000	500	10						
1000	501	10						
1000	502	10						
1000	503	10						
1000	504	10						
1000	505	10						
1000	506	10						
1000	507	10						
1000	508	10						
1000	509	10						
1000	510	10						
1000	511	10						
1000	512	10						
1000	513	10						
1000	514	10						
1000	515	10						
1000	516	10						
1000	517	10						
1000	518	10						
1000	519	10						
1000	520	10						
1000	521	10						
1000	522	10						
1000	523	10						
1000	524	10						
1000	525	10						
1000	526	10						
1000	527	10						
1000	528	10						
1000	529	10						
1000	530	10						
1000	531	10						
1000	532	10						
1000	533	10						
1000	534	10						
1000	535	10						
1000	536	10						
1000	537	10						
1000	538	10						
1000	539	10						
1000	540	10						
1000	541	10						
1000	542	10						
1000	543	10						
1000	544	10						
1000	545	10						
1000	546	10						
1000	547	10						
1000	548	10						
1000	549	10						
1000	550	10						
1000	551	10						
1000	552	10						
1000	553	10						
1000	554	10						
1000	555	10						
1000	556	10						
1000	557	10						
1000	558	10						
1000	559	10						
1000	560	10						
1000	561	10						
1000	562	10						
1000	563	10						
1000	564	10						
1000	565	10						
1000	566	10						
1000	567	10						
1000	568	10						
1000	569	10						
1000	570	10						
1000	571	10						
1000	572	10						
1000	573	10						
1000	574	10						
1000	575	10						
1000	576	10						
1000	577	10						
1000	578	10						
1000	579	10						
1000	580	10						
1000	581	10						
1000	582	10						
1000	583	10						
1000	584	10						
1000	585	10						
1000	586	10						
1000	587	10						
1000	588	10						
1000	589	10						
1000	590	10						
1000	591	10						
1000	592	10						
1000	593	10						
1000	594	10						
1000	595	10						
1000	596	10						
1000	597	10						
1000	598	10						
1000	599	10						
1000	600	10						
1000	601	10						
1000	602	10						
1000	603	10						
1000	604	10						
1000	605	10						
1000	606	10						
1000	607	10						
1000	608	10						
1000	609	10						
1000	610	10						
1000	611	10						
1000	612	10						
1000	613	10						
1000	614	10						
1000	615	10						
1000	616	10						
1000	617	10						
1000	618	10						
1000	619	10						
1000	620	10						
1000	621	10						
1000	622	10						
1000	623	10						
1000	624	10						
1000	625	10						
1000	626	10						
1000	627	10						
1000	628	10						
1000	629	10						
1000	630	10						
1000	631	10						
1000	632	10						
1000	633	10						
1000	634	10						
1000	635	10						
1000	636	10						
1000	637	10						
1000	638	10						
1000	639	10						
1000	640	10						
1000	641	10						
1000	642	10						
1000	643	10						
1000	644	10						
1000	645	10						
1000	646	10						
1000	647	10						
1000	648	10						
1000	649	10						
1000	650	10						
1000	651	10						
1000	652	10						
1000	653	10						
1000	654	10						
1000	655	10						
1000	656	10						
1000	657	10						
1000	658	10						
1000	659	10						
1000	660	10						
1000	661	10						
1000	662	10						
1000	663	10						
1000	664	10						
1000	665	10						
1000	666	10						
1000	667	10						
1000	668	10						
1000	669	10						
1000	670	10						
1000	671	10						
1000	672	10						
1000	673	10						
1000	674	10						
1000	675	10						
1000	676	10						
1000	677	10						
1000	678	10						
1000	679	10						
1000	680	10						
1000	681	10						
1000	682	10						
1000	683	10						
1000	684	10						
1000	685	10						
1000	686	10						
1000	687	10						
1000	688	10						
1000	689	10						
1000	690	10						
1000	691	10						
1000	692	10						
1000	693	10						
1000	694	10						
1000	695	10						
1000	696	10						
1000	697	10						
1000	698	10						
1000	699	10						
1000	700	10						
1000	701	10						
1000	702	10						
1000	703	10						
1000	704	10						
1000	705	10						
1000	706	10						
1000	707	10						
1000	708	10						
1000	709	10						
1000	710	10						
1000	711	10						
1000	712	10						
1000	713	10						
1000	714	10						
1000	715	10						
1000	716	10						
1000	717	10						
1000	718	10						
1000	719	10						
1000	720	10						
1000	721	10						
1000	722	10						
1000	723	10						
1000	724	10						
1000	725	10						
1000	726	10						
1000	727	10						
1000	728	10						
1000	729	10						
1000	730	10						
1000	731	10						
1000	732	10						
1000	733	10						
1000	734	10						
1000	735	10						
1000	736	10						
1000	737	10						
1000	738	10						
1000	739	10						
1000	740	10						
1000	741	10						
1000	742	10						
1000	743	10						
1000	744	10						
1000	745	10						
1000	746	10						
1000	747	10						
1000	748	10						
1000	749	10						
1000	750	10						
1000	751	10						
1000	752	10						
1000	753	10						
1000	754	10						
1000	755	10						
1000	756	10						
1000	757	10						
1000	758	10						
1000	759	10						
1000	760	10						
1000	761	10						
1000	762	10						
1000	763	10						
1000	764	10						
1000	765	10						
1000	766	10						
1000	767	10						
1000	768	10						
1000	769	10						
1000	770	10						
1000	771	10						
1000	772	10						
1000	773	10						
1000	774	10						
1000	775	10						
1000	776	10						
1000	777	10						
1000	778	10						
1000	779	10						
1000	780	10						
1000	781	10						
1000	782	10						
1000	783	10						
1000	784	10						
1000	785	10						
1000	786	10						
1000	787	10						
1000	788	10						
1000	789	10						
1000	790	10						
1000	791	10						
1000	792	10						
1000	793	10						
1000	794	10						
1000	795	10						
1000	796	10						
1000	797	10						
1000	798	10						
1000	799	10						
1000	800	10						
1000	801	10						
1000	802	10						
1000	803	10						
1000	804	10						
1000	805	10						
1000	806	10						
1000	807	10						
1000	808	10						
1000	809	10						
1000	810	10						
1000	811	10						
1000	812	10						
1000	813	10						
1000	814	10						
1000	815	10						
1000	816	10						
1000	817	10						
1000	818	10						
1000	819	10						
1000	820	10						
1000	821	10						
1000	822	10						
1000	823	10						
1000	824	10						
1000	825	10						
1000	826	10						
1000	827	10						
1000	828	10						
1000	829	10						
1000	830	10						
1000	831	10						
1000	832	10						
1000	833	10						
1000	834	10						
1000	835	10						
1000	836	10						
1000	837	10						
1000	838	10						
1000	839	10						
1000	840	10						
1000	841	10						
1000	842	10						
1000	843	10						
1000	844	10						
1000	845	10						
1000	846	10						
1000	847	10						
1000	848	10						
1000	849	10						
1000	850	10						
1000	851	10						
1000	852	10						
1000	853	10						
1000	854	10						
1000	855	10						
1000	856	10						
1000	857	10						
1000	858	10						
1000	859	10						
1000	860	10						
1000	861	10						
1000	862	10						
1000	863	10						
1000	864	10						
1000	865	10						
1000	866	10						
1000	867	10						
1000	868	10						
1000	869	10						
1000	870	10						
1000	871	10						
1000	872	10						
1000	873	10						
1000	874	10						
1000	875	10						
1000	876	10						
1000	877	10						
1000	878	10						
1000	879	10						
1000	880	10						
1000	881	10						
1000	882	10						
1000	883	10						
1000	884	10						
1000	885	10						
1000	886	10						
1000	887	10						
1000	888	10						
1000	889	10						
1000	890	10						
1000	891	10						
1000	892	10						
1000	893	10						
1000	894	10						
1000	895	10						
1000	896	10						
1000	897	10						
1000	898	10						
1000	899	10						
1000	900	10						
1000	901	10						
1000	902	10						
1000	903	10						
1000	904	10						
1000	905	10						
1000	906	10						
1000	907	10						
1000	908	10						
1000	909	10						
1000	910	10						
1000	911	10						
1000	912	10						
1000	913	10						
1000	914	10						
1000	915	10						
1000	916	10						
1000	917	10						
1000	918	10						
1000	919	10						
1000	920	10						
1000	921	10						
1000	922	10						
1000	923	10						
1000	924	10						
1000	925	10						
1000	926	10						
1000	927	10						
1000	928	10						
1000	929	10						
1000	930	10						
1000	931	10						
1000	932	10						
1000	933	10						
1000	934	10						
1000	935	10						
1000	936	10						
1000	937	10						
1000	938	10						
1000	939	10						
1000	940	10						
1000	941	10						
1000	942	10						
1000	943	10						
1000	944	10						
1000	945	10						
1000	946	10						
1000	947	10						
1000	948	10						
1000	949	10						
1000	950	10						
1000	951	10						
1000	952	10						
1000	953	10						
1000	954	10						
1000	955	10						
1000	956	10						
1000	957	10						
1000	958	10						
1000	959	10						
1000	960	10						
1000	961	10						
1000	962	10						
1000	963	10						
1000	964	10						
1000	965	10						
1000	966	10						
1000	967	10						
1000	968	10						
1000	969	10						
1000	970	10						
1000	971	10						
1000	972	10						
1000	973	10						
1000	974	10						
1000	975	10						
1000	976	10						
1000	977	10						
1000	978	10						
1000	979	10						
1000	980	10						
1000	981	10						
1000	982	10						
1000	983	10						
1000	984	10						
1000	985	10						
1000	986	10						
1000	987	10						
1000	988	10						
1000	989	10						
1000	990	10						
1000	991	10						
1000	992	10						
1000	993	10						
1000	994	10						
1000	995	10						
1000	996	10						
1000	997	10						
1000	998	10						
1000	999	10						
1000	1000	10						
